id,title,artist,album,quadrant,valence,energy,durationMs,analysisConfidence,categorySource,audioUrl,downloadUrl,externalUrl,licenseUrl,source
commons-64735237,Carefree,Kevin MacLeod,Incompetech Instrumental Essentials,happy,0.59,0.5,205140,0.51,wikimedia_commons_incompetech_curated,https://upload.wikimedia.org/wikipedia/commons/f/f5/Carefree_%28ISRC_USUAN1400037%29.mp3,https://upload.wikimedia.org/wikipedia/commons/f/f5/Carefree_%28ISRC_USUAN1400037%29.mp3,https://commons.wikimedia.org/wiki/File:Carefree_(ISRC_USUAN1400037).mp3,https://creativecommons.org/licenses/by/3.0,wikimedia_commons
commons-64736144,Local Forecast - Slower,Kevin MacLeod,Incompetech Instrumental Essentials,relaxed,0.59,0.4,199549,0.57,wikimedia_commons_incompetech_curated,https://upload.wikimedia.org/wikipedia/commons/0/04/Local_Forecast_-_Slower_%28ISRC_USUAN1300011%29.mp3,https://upload.wikimedia.org/wikipedia/commons/0/04/Local_Forecast_-_Slower_%28ISRC_USUAN1300011%29.mp3,https://commons.wikimedia.org/wiki/File:Local_Forecast_-_Slower_(ISRC_USUAN1300011).mp3,https://creativecommons.org/licenses/by/3.0,wikimedia_commons
commons-64736120,Hitman,Kevin MacLeod,Incompetech Instrumental Essentials,tense,0.39,0.5,200829,0.51,wikimedia_commons_incompetech_curated,https://upload.wikimedia.org/wikipedia/commons/e/ea/Hitman_%28ISRC_USUAN1300013%29.mp3,https://upload.wikimedia.org/wikipedia/commons/e/ea/Hitman_%28ISRC_USUAN1300013%29.mp3,https://commons.wikimedia.org/wiki/File:Hitman_(ISRC_USUAN1300013).mp3,https://creativecommons.org/licenses/by/3.0,wikimedia_commons
commons-84678483,Stay The Course,Kevin MacLeod,Incompetech Instrumental Essentials,sad_low,0.39,0.4,272091,0.57,wikimedia_commons_incompetech_curated,https://upload.wikimedia.org/wikipedia/commons/7/74/Kevin_MacLeod_-_Stay_The_Course_%28cc-by%29_%28filmmusic%29.mp3,https://upload.wikimedia.org/wikipedia/commons/7/74/Kevin_MacLeod_-_Stay_The_Course_%28cc-by%29_%28filmmusic%29.mp3,https://commons.wikimedia.org/wiki/File:Kevin_MacLeod_-_Stay_The_Course_(cc-by)_(filmmusic).mp3,https://creativecommons.org/licenses/by/4.0,wikimedia_commons
commons-77589727,Sneaky Snitch,Kevin MacLeod,Incompetech Instrumental Essentials,happy,0.5,0.5,136842,0.45,wikimedia_commons_incompetech_curated,https://upload.wikimedia.org/wikipedia/commons/5/5e/Kevin_MacLeod_~_Sneaky_Snitch.ogg,https://upload.wikimedia.org/wikipedia/commons/5/5e/Kevin_MacLeod_~_Sneaky_Snitch.ogg,https://commons.wikimedia.org/wiki/File:Kevin_MacLeod_~_Sneaky_Snitch.ogg,https://creativecommons.org/licenses/by/3.0,wikimedia_commons
commons-64735185,Volatile Reaction,Kevin MacLeod,Incompetech Instrumental Essentials,relaxed,0.5,0.48,165355,0.57,wikimedia_commons_incompetech_curated,https://upload.wikimedia.org/wikipedia/commons/8/8c/Volatile_Reaction_%28ISRC_USUAN1400039%29.mp3,https://upload.wikimedia.org/wikipedia/commons/8/8c/Volatile_Reaction_%28ISRC_USUAN1400039%29.mp3,https://commons.wikimedia.org/wiki/File:Volatile_Reaction_(ISRC_USUAN1400039).mp3,https://creativecommons.org/licenses/by/3.0,wikimedia_commons
commons-64738799,Darkest Child var A,Kevin MacLeod,Incompetech Instrumental Essentials,tense,0.39,0.5,197381,0.51,wikimedia_commons_incompetech_curated,https://upload.wikimedia.org/wikipedia/commons/1/10/Darkest_Child_var_A_%28ISRC_USUAN1100784%29.mp3,https://upload.wikimedia.org/wikipedia/commons/1/10/Darkest_Child_var_A_%28ISRC_USUAN1100784%29.mp3,https://commons.wikimedia.org/wiki/File:Darkest_Child_var_A_(ISRC_USUAN1100784).mp3,https://creativecommons.org/licenses/by/3.0,wikimedia_commons
archive-nineinchnails_ghosts_I_IV-3,3 Ghosts I,Nine Inch Nails,Ghosts I-IV,sad_low,0.08,0.18,231050,0.83,curated_archive_mainstream_instrumental,https://archive.org/download/nineinchnails_ghosts_I_IV/03_Ghosts_I_320kb.mp3,https://archive.org/download/nineinchnails_ghosts_I_IV/03_Ghosts_I_320kb.mp3,https://archive.org/details/nineinchnails_ghosts_I_IV,http://creativecommons.org/licenses/by-nc-sa/3.0/us/,curated_archive
commons-64736135,Local Forecast - Elevator,Kevin MacLeod,Incompetech Instrumental Essentials,happy,0.59,0.5,189205,0.51,wikimedia_commons_incompetech_curated,https://upload.wikimedia.org/wikipedia/commons/9/9f/Local_Forecast_-_Elevator_%28ISRC_USUAN1300012%29.mp3,https://upload.wikimedia.org/wikipedia/commons/9/9f/Local_Forecast_-_Elevator_%28ISRC_USUAN1300012%29.mp3,https://commons.wikimedia.org/wiki/File:Local_Forecast_-_Elevator_(ISRC_USUAN1300012).mp3,https://creativecommons.org/licenses/by/3.0,wikimedia_commons
commons-64735695,Dream Culture,Kevin MacLeod,Incompetech Instrumental Essentials,relaxed,0.5,0.3,214361,0.57,wikimedia_commons_incompetech_curated,https://upload.wikimedia.org/wikipedia/commons/1/1f/Dream_Culture_%28ISRC_USUAN1300046%29.mp3,https://upload.wikimedia.org/wikipedia/commons/1/1f/Dream_Culture_%28ISRC_USUAN1300046%29.mp3,https://commons.wikimedia.org/wiki/File:Dream_Culture_(ISRC_USUAN1300046).mp3,https://creativecommons.org/licenses/by/3.0,wikimedia_commons
commons-64738813,Darkest Child,Kevin MacLeod,Incompetech Instrumental Essentials,tense,0.39,0.5,238681,0.51,wikimedia_commons_incompetech_curated,https://upload.wikimedia.org/wikipedia/commons/f/fe/Darkest_Child_%28ISRC_USUAN1100783%29.mp3,https://upload.wikimedia.org/wikipedia/commons/f/fe/Darkest_Child_%28ISRC_USUAN1100783%29.mp3,https://commons.wikimedia.org/wiki/File:Darkest_Child_(ISRC_USUAN1100783).mp3,https://creativecommons.org/licenses/by/3.0,wikimedia_commons
archive-nineinchnails_ghosts_I_IV-4,4 Ghosts I,Nine Inch Nails,Ghosts I-IV,sad_low,0.08,0.18,132960,0.83,curated_archive_mainstream_instrumental,https://archive.org/download/nineinchnails_ghosts_I_IV/04_Ghosts_I_320kb.mp3,https://archive.org/download/nineinchnails_ghosts_I_IV/04_Ghosts_I_320kb.mp3,https://archive.org/details/nineinchnails_ghosts_I_IV,http://creativecommons.org/licenses/by-nc-sa/3.0/us/,curated_archive
commons-64736151,Local Forecast,Kevin MacLeod,Incompetech Instrumental Essentials,happy,0.59,0.5,165225,0.51,wikimedia_commons_incompetech_curated,https://upload.wikimedia.org/wikipedia/commons/6/60/Local_Forecast_%28ISRC_USUAN1300010%29.mp3,https://upload.wikimedia.org/wikipedia/commons/6/60/Local_Forecast_%28ISRC_USUAN1300010%29.mp3,https://commons.wikimedia.org/wiki/File:Local_Forecast_(ISRC_USUAN1300010).mp3,https://creativecommons.org/licenses/by/3.0,wikimedia_commons
commons-64738520,Airport Lounge,Kevin MacLeod,Incompetech Instrumental Essentials,relaxed,0.68,0.4,307670,0.63,wikimedia_commons_incompetech_curated,https://upload.wikimedia.org/wikipedia/commons/0/05/Airport_Lounge_%28ISRC_USUAN1100806%29.mp3,https://upload.wikimedia.org/wikipedia/commons/0/05/Airport_Lounge_%28ISRC_USUAN1100806%29.mp3,https://commons.wikimedia.org/wiki/File:Airport_Lounge_(ISRC_USUAN1100806).mp3,https://creativecommons.org/licenses/by/3.0,wikimedia_commons
commons-64731435,Thinking Music,Kevin MacLeod,Incompetech Instrumental Essentials,tense,0.39,0.5,195892,0.51,wikimedia_commons_incompetech_curated,https://upload.wikimedia.org/wikipedia/commons/a/a2/Thinking_Music_%28ISRC_USUAN1600060%29.mp3,https://upload.wikimedia.org/wikipedia/commons/a/a2/Thinking_Music_%28ISRC_USUAN1600060%29.mp3,https://commons.wikimedia.org/wiki/File:Thinking_Music_(ISRC_USUAN1600060).mp3,https://creativecommons.org/licenses/by/3.0,wikimedia_commons
archive-nineinchnails_ghosts_I_IV-7,7 Ghosts I,Nine Inch Nails,Ghosts I-IV,sad_low,0.08,0.18,120560,0.83,curated_archive_mainstream_instrumental,https://archive.org/download/nineinchnails_ghosts_I_IV/07_Ghosts_I_320kb.mp3,https://archive.org/download/nineinchnails_ghosts_I_IV/07_Ghosts_I_320kb.mp3,https://archive.org/details/nineinchnails_ghosts_I_IV,http://creativecommons.org/licenses/by-nc-sa/3.0/us/,curated_archive
commons-64731628,Lobby Time,Kevin MacLeod,Incompetech Instrumental Essentials,happy,0.59,0.5,193202,0.51,wikimedia_commons_incompetech_curated,https://upload.wikimedia.org/wikipedia/commons/e/e9/Lobby_Time_%28ISRC_USUAN1600054%29.mp3,https://upload.wikimedia.org/wikipedia/commons/e/e9/Lobby_Time_%28ISRC_USUAN1600054%29.mp3,https://commons.wikimedia.org/wiki/File:Lobby_Time_(ISRC_USUAN1600054).mp3,https://creativecommons.org/licenses/by/3.0,wikimedia_commons
archive-nineinchnails_ghosts_I_IV-1,1 Ghosts I,Nine Inch Nails,Ghosts I-IV,relaxed,0.5,0.18,168780,0.83,curated_archive_mainstream_instrumental,https://archive.org/download/nineinchnails_ghosts_I_IV/01_Ghosts_I_320kb.mp3,https://archive.org/download/nineinchnails_ghosts_I_IV/01_Ghosts_I_320kb.mp3,https://archive.org/details/nineinchnails_ghosts_I_IV,http://creativecommons.org/licenses/by-nc-sa/3.0/us/,curated_archive
commons-82878036,Severe Tire Damage,Kevin MacLeod,Incompetech Instrumental Essentials,tense,0.39,0.58,411951,0.57,wikimedia_commons_incompetech_curated,https://upload.wikimedia.org/wikipedia/commons/c/c4/Kevin_MacLeod_-_Severe_Tire_Damage_%28cc-by%29_%28incompetech%29.ogg,https://upload.wikimedia.org/wikipedia/commons/c/c4/Kevin_MacLeod_-_Severe_Tire_Damage_%28cc-by%29_%28incompetech%29.ogg,https://commons.wikimedia.org/wiki/File:Kevin_MacLeod_-_Severe_Tire_Damage_(cc-by)_(incompetech).ogg,https://creativecommons.org/licenses/by/4.0,wikimedia_commons
archive-nineinchnails_ghosts_I_IV-8,8 Ghosts I,Nine Inch Nails,Ghosts I-IV,sad_low,0.08,0.18,176070,0.83,curated_archive_mainstream_instrumental,https://archive.org/download/nineinchnails_ghosts_I_IV/08_Ghosts_I_320kb.mp3,https://archive.org/download/nineinchnails_ghosts_I_IV/08_Ghosts_I_320kb.mp3,https://archive.org/details/nineinchnails_ghosts_I_IV,http://creativecommons.org/licenses/by-nc-sa/3.0/us/,curated_archive
commons-64738892,Movement Proposition,Kevin MacLeod,Incompetech Instrumental Essentials,happy,0.5,0.66,141009,0.57,wikimedia_commons_incompetech_curated,https://upload.wikimedia.org/wikipedia/commons/9/9d/Movement_Proposition_%28ISRC_USUAN1100778%29.mp3,https://upload.wikimedia.org/wikipedia/commons/9/9d/Movement_Proposition_%28ISRC_USUAN1100778%29.mp3,https://commons.wikimedia.org/wiki/File:Movement_Proposition_(ISRC_USUAN1100778).mp3,https://creativecommons.org/licenses/by/3.0,wikimedia_commons
archive-nineinchnails_ghosts_I_IV-5,5 Ghosts I,Nine Inch Nails,Ghosts I-IV,relaxed,0.5,0.18,171810,0.83,curated_archive_mainstream_instrumental,https://archive.org/download/nineinchnails_ghosts_I_IV/05_Ghosts_I_320kb.mp3,https://archive.org/download/nineinchnails_ghosts_I_IV/05_Ghosts_I_320kb.mp3,https://archive.org/details/nineinchnails_ghosts_I_IV,http://creativecommons.org/licenses/by-nc-sa/3.0/us/,curated_archive
archive-nineinchnails_ghosts_I_IV-2,2 Ghosts I,Nine Inch Nails,Ghosts I-IV,tense,0.08,0.62,196210,0.83,curated_archive_mainstream_instrumental,https://archive.org/download/nineinchnails_ghosts_I_IV/02_Ghosts_I_320kb.mp3,https://archive.org/download/nineinchnails_ghosts_I_IV/02_Ghosts_I_320kb.mp3,https://archive.org/details/nineinchnails_ghosts_I_IV,http://creativecommons.org/licenses/by-nc-sa/3.0/us/,curated_archive
archive-nineinchnails_ghosts_I_IV-11,11 Ghosts II,Nine Inch Nails,Ghosts I-IV,sad_low,0.08,0.18,137270,0.83,curated_archive_mainstream_instrumental,https://archive.org/download/nineinchnails_ghosts_I_IV/11_Ghosts_II_320kb.mp3,https://archive.org/download/nineinchnails_ghosts_I_IV/11_Ghosts_II_320kb.mp3,https://archive.org/details/nineinchnails_ghosts_I_IV,http://creativecommons.org/licenses/by-nc-sa/3.0/us/,curated_archive
commons-64735967,The Complex,Kevin MacLeod,Incompetech Instrumental Essentials,happy,0.5,0.58,267755,0.51,wikimedia_commons_incompetech_curated,https://upload.wikimedia.org/wikipedia/commons/c/c8/The_Complex_%28ISRC_USUAN1300025%29.mp3,https://upload.wikimedia.org/wikipedia/commons/c/c8/The_Complex_%28ISRC_USUAN1300025%29.mp3,https://commons.wikimedia.org/wiki/File:The_Complex_(ISRC_USUAN1300025).mp3,https://creativecommons.org/licenses/by/3.0,wikimedia_commons
archive-nineinchnails_ghosts_I_IV-9,9 Ghosts I,Nine Inch Nails,Ghosts I-IV,relaxed,0.5,0.18,166920,0.83,curated_archive_mainstream_instrumental,https://archive.org/download/nineinchnails_ghosts_I_IV/09_Ghosts_I_320kb.mp3,https://archive.org/download/nineinchnails_ghosts_I_IV/09_Ghosts_I_320kb.mp3,https://archive.org/details/nineinchnails_ghosts_I_IV,http://creativecommons.org/licenses/by-nc-sa/3.0/us/,curated_archive
archive-nineinchnails_ghosts_I_IV-6,6 Ghosts I,Nine Inch Nails,Ghosts I-IV,tense,0.08,0.62,258640,0.83,curated_archive_mainstream_instrumental,https://archive.org/download/nineinchnails_ghosts_I_IV/06_Ghosts_I_320kb.mp3,https://archive.org/download/nineinchnails_ghosts_I_IV/06_Ghosts_I_320kb.mp3,https://archive.org/details/nineinchnails_ghosts_I_IV,http://creativecommons.org/licenses/by-nc-sa/3.0/us/,curated_archive
archive-nineinchnails_ghosts_I_IV-12,12 Ghosts II,Nine Inch Nails,Ghosts I-IV,sad_low,0.08,0.18,137140,0.83,curated_archive_mainstream_instrumental,https://archive.org/download/nineinchnails_ghosts_I_IV/12_Ghosts_II_320kb.mp3,https://archive.org/download/nineinchnails_ghosts_I_IV/12_Ghosts_II_320kb.mp3,https://archive.org/details/nineinchnails_ghosts_I_IV,http://creativecommons.org/licenses/by-nc-sa/3.0/us/,curated_archive
commons-64750590,Action,Kevin MacLeod,Incompetech Instrumental Essentials,happy,0.5,0.66,195213,0.57,wikimedia_commons_incompetech_curated,https://upload.wikimedia.org/wikipedia/commons/7/75/Action_%28ISRC_USUAN1100338%29.mp3,https://upload.wikimedia.org/wikipedia/commons/7/75/Action_%28ISRC_USUAN1100338%29.mp3,https://commons.wikimedia.org/wiki/File:Action_(ISRC_USUAN1100338).mp3,https://creativecommons.org/licenses/by/3.0,wikimedia_commons
archive-nineinchnails_ghosts_I_IV-13,13 Ghosts II,Nine Inch Nails,Ghosts I-IV,relaxed,0.5,0.18,193570,0.83,curated_archive_mainstream_instrumental,https://archive.org/download/nineinchnails_ghosts_I_IV/13_Ghosts_II_320kb.mp3,https://archive.org/download/nineinchnails_ghosts_I_IV/13_Ghosts_II_320kb.mp3,https://archive.org/details/nineinchnails_ghosts_I_IV,http://creativecommons.org/licenses/by-nc-sa/3.0/us/,curated_archive
archive-nineinchnails_ghosts_I_IV-10,10 Ghosts II,Nine Inch Nails,Ghosts I-IV,tense,0.08,0.62,162300,0.83,curated_archive_mainstream_instrumental,https://archive.org/download/nineinchnails_ghosts_I_IV/10_Ghosts_II_320kb.mp3,https://archive.org/download/nineinchnails_ghosts_I_IV/10_Ghosts_II_320kb.mp3,https://archive.org/details/nineinchnails_ghosts_I_IV,http://creativecommons.org/licenses/by-nc-sa/3.0/us/,curated_archive
archive-nineinchnails_ghosts_I_IV-16,16 Ghosts II,Nine Inch Nails,Ghosts I-IV,sad_low,0.08,0.18,149970,0.83,curated_archive_mainstream_instrumental,https://archive.org/download/nineinchnails_ghosts_I_IV/16_Ghosts_II_320kb.mp3,https://archive.org/download/nineinchnails_ghosts_I_IV/16_Ghosts_II_320kb.mp3,https://archive.org/details/nineinchnails_ghosts_I_IV,http://creativecommons.org/licenses/by-nc-sa/3.0/us/,curated_archive
commons-64742139,Impact Allegretto,Kevin MacLeod,Incompetech Instrumental Essentials,happy,0.5,0.5,182073,0.45,wikimedia_commons_incompetech_curated,https://upload.wikimedia.org/wikipedia/commons/f/fa/Impact_Allegretto_%28ISRC_USUAN1100622%29.mp3,https://upload.wikimedia.org/wikipedia/commons/f/fa/Impact_Allegretto_%28ISRC_USUAN1100622%29.mp3,https://commons.wikimedia.org/wiki/File:Impact_Allegretto_(ISRC_USUAN1100622).mp3,https://creativecommons.org/licenses/by/3.0,wikimedia_commons
archive-nineinchnails_ghosts_I_IV-17,17 Ghosts II,Nine Inch Nails,Ghosts I-IV,relaxed,0.5,0.18,133280,0.83,curated_archive_mainstream_instrumental,https://archive.org/download/nineinchnails_ghosts_I_IV/17_Ghosts_II_320kb.mp3,https://archive.org/download/nineinchnails_ghosts_I_IV/17_Ghosts_II_320kb.mp3,https://archive.org/details/nineinchnails_ghosts_I_IV,http://creativecommons.org/licenses/by-nc-sa/3.0/us/,curated_archive
archive-nineinchnails_ghosts_I_IV-14,14 Ghosts II,Nine Inch Nails,Ghosts I-IV,tense,0.08,0.62,185550,0.83,curated_archive_mainstream_instrumental,https://archive.org/download/nineinchnails_ghosts_I_IV/14_Ghosts_II_320kb.mp3,https://archive.org/download/nineinchnails_ghosts_I_IV/14_Ghosts_II_320kb.mp3,https://archive.org/details/nineinchnails_ghosts_I_IV,http://creativecommons.org/licenses/by-nc-sa/3.0/us/,curated_archive
archive-nineinchnails_ghosts_I_IV-19,19 Ghosts III,Nine Inch Nails,Ghosts I-IV,sad_low,0.08,0.18,131710,0.83,curated_archive_mainstream_instrumental,https://archive.org/download/nineinchnails_ghosts_I_IV/19_Ghosts_III_320kb.mp3,https://archive.org/download/nineinchnails_ghosts_I_IV/19_Ghosts_III_320kb.mp3,https://archive.org/details/nineinchnails_ghosts_I_IV,http://creativecommons.org/licenses/by-nc-sa/3.0/us/,curated_archive
commons-64742220,Impact Andante,Kevin MacLeod,Incompetech Instrumental Essentials,happy,0.5,0.5,168856,0.45,wikimedia_commons_incompetech_curated,https://upload.wikimedia.org/wikipedia/commons/9/9b/Impact_Andante_%28ISRC_USUAN1100621%29.mp3,https://upload.wikimedia.org/wikipedia/commons/9/9b/Impact_Andante_%28ISRC_USUAN1100621%29.mp3,https://commons.wikimedia.org/wiki/File:Impact_Andante_(ISRC_USUAN1100621).mp3,https://creativecommons.org/licenses/by/3.0,wikimedia_commons
archive-nineinchnails_ghosts_I_IV-21,21 Ghosts III,Nine Inch Nails,Ghosts I-IV,relaxed,0.5,0.18,174340,0.83,curated_archive_mainstream_instrumental,https://archive.org/download/nineinchnails_ghosts_I_IV/21_Ghosts_III_320kb.mp3,https://archive.org/download/nineinchnails_ghosts_I_IV/21_Ghosts_III_320kb.mp3,https://archive.org/details/nineinchnails_ghosts_I_IV,http://creativecommons.org/licenses/by-nc-sa/3.0/us/,curated_archive
archive-nineinchnails_ghosts_I_IV-18,18 Ghosts II,Nine Inch Nails,Ghosts I-IV,tense,0.08,0.62,322590,0.83,curated_archive_mainstream_instrumental,https://archive.org/download/nineinchnails_ghosts_I_IV/18_Ghosts_II_320kb.mp3,https://archive.org/download/nineinchnails_ghosts_I_IV/18_Ghosts_II_320kb.mp3,https://archive.org/details/nineinchnails_ghosts_I_IV,http://creativecommons.org/licenses/by-nc-sa/3.0/us/,curated_archive
archive-nineinchnails_ghosts_I_IV-20,20 Ghosts III,Nine Inch Nails,Ghosts I-IV,sad_low,0.08,0.18,219350,0.83,curated_archive_mainstream_instrumental,https://archive.org/download/nineinchnails_ghosts_I_IV/20_Ghosts_III_320kb.mp3,https://archive.org/download/nineinchnails_ghosts_I_IV/20_Ghosts_III_320kb.mp3,https://archive.org/details/nineinchnails_ghosts_I_IV,http://creativecommons.org/licenses/by-nc-sa/3.0/us/,curated_archive
commons-64742276,Impact Lento,Kevin MacLeod,Incompetech Instrumental Essentials,happy,0.5,0.5,210573,0.45,wikimedia_commons_incompetech_curated,https://upload.wikimedia.org/wikipedia/commons/8/85/Impact_Lento_%28ISRC_USUAN1100619%29.mp3,https://upload.wikimedia.org/wikipedia/commons/8/85/Impact_Lento_%28ISRC_USUAN1100619%29.mp3,https://commons.wikimedia.org/wiki/File:Impact_Lento_(ISRC_USUAN1100619).mp3,https://creativecommons.org/licenses/by/3.0,wikimedia_commons
commons-64728616,Zazie,Kevin MacLeod,Incompetech Instrumental Essentials,relaxed,0.77,0.48,213394,0.75,wikimedia_commons_incompetech_curated,https://upload.wikimedia.org/wikipedia/commons/8/88/Zazie_%28ISRC_USUAN1700062%29.mp3,https://upload.wikimedia.org/wikipedia/commons/8/88/Zazie_%28ISRC_USUAN1700062%29.mp3,https://commons.wikimedia.org/wiki/File:Zazie_(ISRC_USUAN1700062).mp3,https://creativecommons.org/licenses/by/3.0,wikimedia_commons
archive-nineinchnails_ghosts_I_IV-22,22 Ghosts III,Nine Inch Nails,Ghosts I-IV,tense,0.08,0.62,151070,0.83,curated_archive_mainstream_instrumental,https://archive.org/download/nineinchnails_ghosts_I_IV/22_Ghosts_III_320kb.mp3,https://archive.org/download/nineinchnails_ghosts_I_IV/22_Ghosts_III_320kb.mp3,https://archive.org/details/nineinchnails_ghosts_I_IV,http://creativecommons.org/licenses/by-nc-sa/3.0/us/,curated_archive
archive-nineinchnails_ghosts_I_IV-23,23 Ghosts III,Nine Inch Nails,Ghosts I-IV,sad_low,0.08,0.18,163500,0.83,curated_archive_mainstream_instrumental,https://archive.org/download/nineinchnails_ghosts_I_IV/23_Ghosts_III_320kb.mp3,https://archive.org/download/nineinchnails_ghosts_I_IV/23_Ghosts_III_320kb.mp3,https://archive.org/details/nineinchnails_ghosts_I_IV,http://creativecommons.org/licenses/by-nc-sa/3.0/us/,curated_archive
commons-64742333,Impact Prelude,Kevin MacLeod,Incompetech Instrumental Essentials,happy,0.5,0.5,202971,0.45,wikimedia_commons_incompetech_curated,https://upload.wikimedia.org/wikipedia/commons/1/10/Impact_Prelude_%28ISRC_USUAN1100617%29.mp3,https://upload.wikimedia.org/wikipedia/commons/1/10/Impact_Prelude_%28ISRC_USUAN1100617%29.mp3,https://commons.wikimedia.org/wiki/File:Impact_Prelude_(ISRC_USUAN1100617).mp3,https://creativecommons.org/licenses/by/3.0,wikimedia_commons
commons-64734110,In Your Arms,Kevin MacLeod,Incompetech Instrumental Essentials,relaxed,0.68,0.48,168751,0.69,wikimedia_commons_incompetech_curated,https://upload.wikimedia.org/wikipedia/commons/3/38/In_Your_Arms_%28ISRC_USUAN1500042%29.mp3,https://upload.wikimedia.org/wikipedia/commons/3/38/In_Your_Arms_%28ISRC_USUAN1500042%29.mp3,https://commons.wikimedia.org/wiki/File:In_Your_Arms_(ISRC_USUAN1500042).mp3,https://creativecommons.org/licenses/by/3.0,wikimedia_commons
commons-8093020,"Interloper (MacLeod, Kevin)",Kevin MacLeod,Incompetech Instrumental Essentials,tense,0.28,0.74,262661,0.75,wikimedia_commons_incompetech_curated,https://upload.wikimedia.org/wikipedia/commons/5/57/Interloper_%28MacLeod%2C_Kevin%29_%28ISRC_USUAN1100401%29.oga,https://upload.wikimedia.org/wikipedia/commons/5/57/Interloper_%28MacLeod%2C_Kevin%29_%28ISRC_USUAN1100401%29.oga,"https://commons.wikimedia.org/wiki/File:Interloper_(MacLeod,_Kevin)_(ISRC_USUAN1100401).oga",https://creativecommons.org/licenses/by/3.0/us/deed.en,wikimedia_commons
archive-nineinchnails_ghosts_I_IV-24,24 Ghosts III,Nine Inch Nails,Ghosts I-IV,sad_low,0.08,0.18,159290,0.83,curated_archive_mainstream_instrumental,https://archive.org/download/nineinchnails_ghosts_I_IV/24_Ghosts_III_320kb.mp3,https://archive.org/download/nineinchnails_ghosts_I_IV/24_Ghosts_III_320kb.mp3,https://archive.org/details/nineinchnails_ghosts_I_IV,http://creativecommons.org/licenses/by-nc-sa/3.0/us/,curated_archive
commons-64741421,Investigations,Kevin MacLeod,Incompetech Instrumental Essentials,happy,0.5,0.5,93545,0.45,wikimedia_commons_incompetech_curated,https://upload.wikimedia.org/wikipedia/commons/8/83/Investigations_%28ISRC_USUAN1100646%29.mp3,https://upload.wikimedia.org/wikipedia/commons/8/83/Investigations_%28ISRC_USUAN1100646%29.mp3,https://commons.wikimedia.org/wiki/File:Investigations_(ISRC_USUAN1100646).mp3,https://creativecommons.org/licenses/by/3.0,wikimedia_commons
commons-64756496,Serene,Kevin MacLeod,Incompetech Instrumental Essentials,relaxed,0.5,0.2,130513,0.63,wikimedia_commons_incompetech_curated,https://upload.wikimedia.org/wikipedia/commons/6/64/Serene_%28ISRC_USUAN1100082%29.mp3,https://upload.wikimedia.org/wikipedia/commons/6/64/Serene_%28ISRC_USUAN1100082%29.mp3,https://commons.wikimedia.org/wiki/File:Serene_(ISRC_USUAN1100082).mp3,https://creativecommons.org/licenses/by/3.0,wikimedia_commons
commons-8172765,"Firesong (MacLeod, Kevin)",Kevin MacLeod,Incompetech Instrumental Essentials,tense,0.39,0.56,212950,0.69,wikimedia_commons_incompetech_curated,https://upload.wikimedia.org/wikipedia/commons/3/3b/Firesong_%28MacLeod%2C_Kevin%29_%28ISRC_USUAN1100598%29.oga,https://upload.wikimedia.org/wikipedia/commons/3/3b/Firesong_%28MacLeod%2C_Kevin%29_%28ISRC_USUAN1100598%29.oga,"https://commons.wikimedia.org/wiki/File:Firesong_(MacLeod,_Kevin)_(ISRC_USUAN1100598).oga",https://creativecommons.org/licenses/by/3.0/us/deed.en,wikimedia_commons
archive-nineinchnails_ghosts_I_IV-15,15 Ghosts II,Nine Inch Nails,Ghosts I-IV,sad_low,0.08,0.18,113140,0.83,curated_archive_mainstream_instrumental,https://archive.org/download/nineinchnails_ghosts_I_IV/15_Ghosts_II_320kb.mp3,https://archive.org/download/nineinchnails_ghosts_I_IV/15_Ghosts_II_320kb.mp3,https://archive.org/details/nineinchnails_ghosts_I_IV,http://creativecommons.org/licenses/by-nc-sa/3.0/us/,curated_archive
commons-64734903,Adventure Meme,Kevin MacLeod,Incompetech Instrumental Essentials,happy,0.59,0.58,101120,0.57,wikimedia_commons_incompetech_curated,https://upload.wikimedia.org/wikipedia/commons/0/0b/Adventure_Meme_%28ISRC_USUAN1400057%29.mp3,https://upload.wikimedia.org/wikipedia/commons/0/0b/Adventure_Meme_%28ISRC_USUAN1400057%29.mp3,https://commons.wikimedia.org/wiki/File:Adventure_Meme_(ISRC_USUAN1400057).mp3,https://creativecommons.org/licenses/by/3.0,wikimedia_commons
commons-64752377,Daybreak,Kevin MacLeod,Incompetech Instrumental Essentials,relaxed,0.59,0.3,200699,0.63,wikimedia_commons_incompetech_curated,https://upload.wikimedia.org/wikipedia/commons/b/b1/Daybreak_%28ISRC_USUAN1100266%29.mp3,https://upload.wikimedia.org/wikipedia/commons/b/b1/Daybreak_%28ISRC_USUAN1100266%29.mp3,https://commons.wikimedia.org/wiki/File:Daybreak_(ISRC_USUAN1100266).mp3,https://creativecommons.org/licenses/by/3.0,wikimedia_commons
commons-64729144,Darkling,Kevin MacLeod,Incompetech Instrumental Essentials,tense,0.48,0.58,169770,0.63,wikimedia_commons_incompetech_curated,https://upload.wikimedia.org/wikipedia/commons/0/02/Darkling_%28ISRC_USUAN1700050%29.mp3,https://upload.wikimedia.org/wikipedia/commons/0/02/Darkling_%28ISRC_USUAN1700050%29.mp3,https://commons.wikimedia.org/wiki/File:Darkling_(ISRC_USUAN1700050).mp3,https://creativecommons.org/licenses/by/3.0,wikimedia_commons
commons-64748119,Dark Dance,Kevin MacLeod,Incompetech Instrumental Essentials,sad_low,0.48,0.48,195500,0.69,wikimedia_commons_incompetech_curated,https://upload.wikimedia.org/wikipedia/commons/8/8a/Dark_Dance_%28ISRC_USUAN1100398%29.mp3,https://upload.wikimedia.org/wikipedia/commons/8/8a/Dark_Dance_%28ISRC_USUAN1100398%29.mp3,https://commons.wikimedia.org/wiki/File:Dark_Dance_(ISRC_USUAN1100398).mp3,https://creativecommons.org/licenses/by/3.0,wikimedia_commons
commons-64727963,Jazz Brunch,Kevin MacLeod,Incompetech Instrumental Essentials,happy,0.59,0.5,323109,0.51,wikimedia_commons_incompetech_curated,https://upload.wikimedia.org/wikipedia/commons/9/9b/Jazz_Brunch_%28ISRC_USUAN1700074%29.mp3,https://upload.wikimedia.org/wikipedia/commons/9/9b/Jazz_Brunch_%28ISRC_USUAN1700074%29.mp3,https://commons.wikimedia.org/wiki/File:Jazz_Brunch_(ISRC_USUAN1700074).mp3,https://creativecommons.org/licenses/by/3.0,wikimedia_commons
commons-64734484,Infinite Perspective,Kevin MacLeod,Incompetech Instrumental Essentials,relaxed,0.5,0.38,345078,0.63,wikimedia_commons_incompetech_curated,https://upload.wikimedia.org/wikipedia/commons/9/90/Infinite_Perspective_%28ISRC_USUAN1500024%29.mp3,https://upload.wikimedia.org/wikipedia/commons/9/90/Infinite_Perspective_%28ISRC_USUAN1500024%29.mp3,https://commons.wikimedia.org/wiki/File:Infinite_Perspective_(ISRC_USUAN1500024).mp3,https://creativecommons.org/licenses/by/3.0,wikimedia_commons
commons-64734715,Urban Gauntlet,Kevin MacLeod,Incompetech Instrumental Essentials,tense,0.39,0.66,209032,0.63,wikimedia_commons_incompetech_curated,https://upload.wikimedia.org/wikipedia/commons/f/fa/Urban_Gauntlet_%28ISRC_USUAN1500009%29.mp3,https://upload.wikimedia.org/wikipedia/commons/f/fa/Urban_Gauntlet_%28ISRC_USUAN1500009%29.mp3,https://commons.wikimedia.org/wiki/File:Urban_Gauntlet_(ISRC_USUAN1500009).mp3,https://creativecommons.org/licenses/by/3.0,wikimedia_commons
commons-64733088,Final Battle of the Dark Wizards,Kevin MacLeod,Incompetech Instrumental Essentials,sad_low,0.28,0.48,271621,0.69,wikimedia_commons_incompetech_curated,https://upload.wikimedia.org/wikipedia/commons/8/8a/Final_Battle_of_the_Dark_Wizards_%28ISRC_USUAN1500085%29.mp3,https://upload.wikimedia.org/wikipedia/commons/8/8a/Final_Battle_of_the_Dark_Wizards_%28ISRC_USUAN1500085%29.mp3,https://commons.wikimedia.org/wiki/File:Final_Battle_of_the_Dark_Wizards_(ISRC_USUAN1500085).mp3,https://creativecommons.org/licenses/by/3.0,wikimedia_commons
commons-64737507,Prelude and Action,Kevin MacLeod,Incompetech Instrumental Essentials,happy,0.5,0.58,98847,0.51,wikimedia_commons_incompetech_curated,https://upload.wikimedia.org/wikipedia/commons/1/1c/Prelude_and_Action_%28ISRC_USUAN1100887%29.mp3,https://upload.wikimedia.org/wikipedia/commons/1/1c/Prelude_and_Action_%28ISRC_USUAN1100887%29.mp3,https://commons.wikimedia.org/wiki/File:Prelude_and_Action_(ISRC_USUAN1100887).mp3,https://creativecommons.org/licenses/by/3.0,wikimedia_commons
commons-64728317,Backbay Lounge,Kevin MacLeod,Incompetech Instrumental Essentials,relaxed,0.68,0.4,266554,0.63,wikimedia_commons_incompetech_curated,https://upload.wikimedia.org/wikipedia/commons/e/e2/Backbay_Lounge_%28ISRC_USUAN1700068%29.mp3,https://upload.wikimedia.org/wikipedia/commons/e/e2/Backbay_Lounge_%28ISRC_USUAN1700068%29.mp3,https://commons.wikimedia.org/wiki/File:Backbay_Lounge_(ISRC_USUAN1700068).mp3,https://creativecommons.org/licenses/by/3.0,wikimedia_commons
commons-64732055,Super Power Cool Dude,Kevin MacLeod,Incompetech Instrumental Essentials,tense,0.48,0.58,235703,0.63,wikimedia_commons_incompetech_curated,https://upload.wikimedia.org/wikipedia/commons/4/4e/Super_Power_Cool_Dude_%28ISRC_USUAN1600036%29.mp3,https://upload.wikimedia.org/wikipedia/commons/4/4e/Super_Power_Cool_Dude_%28ISRC_USUAN1600036%29.mp3,https://commons.wikimedia.org/wiki/File:Super_Power_Cool_Dude_(ISRC_USUAN1600036).mp3,https://creativecommons.org/licenses/by/3.0,wikimedia_commons
commons-64731914,Dreamer,Kevin MacLeod,Incompetech Instrumental Essentials,sad_low,0.39,0.38,204069,0.69,wikimedia_commons_incompetech_curated,https://upload.wikimedia.org/wikipedia/commons/d/d5/Dreamer_%28ISRC_USUAN1600043%29.mp3,https://upload.wikimedia.org/wikipedia/commons/d/d5/Dreamer_%28ISRC_USUAN1600043%29.mp3,https://commons.wikimedia.org/wiki/File:Dreamer_(ISRC_USUAN1600043).mp3,https://creativecommons.org/licenses/by/3.0,wikimedia_commons
commons-64737999,Heroic Age,Kevin MacLeod,Incompetech Instrumental Essentials,happy,0.5,0.5,97463,0.45,wikimedia_commons_incompetech_curated,https://upload.wikimedia.org/wikipedia/commons/4/44/Heroic_Age_%28ISRC_USUAN1100848%29.mp3,https://upload.wikimedia.org/wikipedia/commons/4/44/Heroic_Age_%28ISRC_USUAN1100848%29.mp3,https://commons.wikimedia.org/wiki/File:Heroic_Age_(ISRC_USUAN1100848).mp3,https://creativecommons.org/licenses/by/3.0,wikimedia_commons
commons-8173721,"Kool Kats (MacLeod, Kevin)",Kevin MacLeod,Incompetech Instrumental Essentials,relaxed,0.68,0.4,200777,0.63,wikimedia_commons_incompetech_curated,https://upload.wikimedia.org/wikipedia/commons/9/9f/Kool_Kats_%28MacLeod%2C_Kevin%29_%28ISRC_USUAN1100601%29.oga,https://upload.wikimedia.org/wikipedia/commons/9/9f/Kool_Kats_%28MacLeod%2C_Kevin%29_%28ISRC_USUAN1100601%29.oga,"https://commons.wikimedia.org/wiki/File:Kool_Kats_(MacLeod,_Kevin)_(ISRC_USUAN1100601).oga",https://creativecommons.org/licenses/by/3.0/us/deed.en,wikimedia_commons
commons-64755269,Night on the Docks - Sax,Kevin MacLeod,Incompetech Instrumental Essentials,tense,0.37,0.5,174080,0.63,wikimedia_commons_incompetech_curated,https://upload.wikimedia.org/wikipedia/commons/7/7c/Night_on_the_Docks_-_Sax_%28ISRC_USUAN1100137%29.mp3,https://upload.wikimedia.org/wikipedia/commons/7/7c/Night_on_the_Docks_-_Sax_%28ISRC_USUAN1100137%29.mp3,https://commons.wikimedia.org/wiki/File:Night_on_the_Docks_-_Sax_(ISRC_USUAN1100137).mp3,https://creativecommons.org/licenses/by/3.0,wikimedia_commons
commons-64732757,Immersed,Kevin MacLeod,Incompetech Instrumental Essentials,sad_low,0.39,0.38,248973,0.69,wikimedia_commons_incompetech_curated,https://upload.wikimedia.org/wikipedia/commons/1/10/Immersed_%28ISRC_USUAN1600010%29.mp3,https://upload.wikimedia.org/wikipedia/commons/1/10/Immersed_%28ISRC_USUAN1600010%29.mp3,https://commons.wikimedia.org/wiki/File:Immersed_(ISRC_USUAN1600010).mp3,https://creativecommons.org/licenses/by/3.0,wikimedia_commons
commons-64737672,The Snow Queen,Kevin MacLeod,Incompetech Instrumental Essentials,happy,0.5,0.5,220056,0.45,wikimedia_commons_incompetech_curated,https://upload.wikimedia.org/wikipedia/commons/f/f3/The_Snow_Queen_%28ISRC_USUAN1100872%29.mp3,https://upload.wikimedia.org/wikipedia/commons/f/f3/The_Snow_Queen_%28ISRC_USUAN1100872%29.mp3,https://commons.wikimedia.org/wiki/File:The_Snow_Queen_(ISRC_USUAN1100872).mp3,https://creativecommons.org/licenses/by/3.0,wikimedia_commons
commons-64734596,Ultralounge,Kevin MacLeod,Incompetech Instrumental Essentials,relaxed,0.68,0.4,316865,0.63,wikimedia_commons_incompetech_curated,https://upload.wikimedia.org/wikipedia/commons/8/8d/Ultralounge_%28ISRC_USUAN1500017%29.mp3,https://upload.wikimedia.org/wikipedia/commons/8/8d/Ultralounge_%28ISRC_USUAN1500017%29.mp3,https://commons.wikimedia.org/wiki/File:Ultralounge_(ISRC_USUAN1500017).mp3,https://creativecommons.org/licenses/by/3.0,wikimedia_commons
commons-64755281,Night on the Docks - Trumpet,Kevin MacLeod,Incompetech Instrumental Essentials,tense,0.37,0.5,174080,0.63,wikimedia_commons_incompetech_curated,https://upload.wikimedia.org/wikipedia/commons/4/48/Night_on_the_Docks_-_Trumpet_%28ISRC_USUAN1100136%29.mp3,https://upload.wikimedia.org/wikipedia/commons/4/48/Night_on_the_Docks_-_Trumpet_%28ISRC_USUAN1100136%29.mp3,https://commons.wikimedia.org/wiki/File:Night_on_the_Docks_-_Trumpet_(ISRC_USUAN1100136).mp3,https://creativecommons.org/licenses/by/3.0,wikimedia_commons
commons-64755294,Night on the Docks - Piano,Kevin MacLeod,Incompetech Instrumental Essentials,sad_low,0.37,0.4,174080,0.69,wikimedia_commons_incompetech_curated,https://upload.wikimedia.org/wikipedia/commons/d/d7/Night_on_the_Docks_-_Piano_%28ISRC_USUAN1100135%29.mp3,https://upload.wikimedia.org/wikipedia/commons/d/d7/Night_on_the_Docks_-_Piano_%28ISRC_USUAN1100135%29.mp3,https://commons.wikimedia.org/wiki/File:Night_on_the_Docks_-_Piano_(ISRC_USUAN1100135).mp3,https://creativecommons.org/licenses/by/3.0,wikimedia_commons
commons-64738051,Wallpaper,Kevin MacLeod,Incompetech Instrumental Essentials,happy,0.5,0.5,220056,0.45,wikimedia_commons_incompetech_curated,https://upload.wikimedia.org/wikipedia/commons/1/1e/Wallpaper_%28ISRC_USUAN1100843%29.mp3,https://upload.wikimedia.org/wikipedia/commons/1/1e/Wallpaper_%28ISRC_USUAN1100843%29.mp3,https://commons.wikimedia.org/wiki/File:Wallpaper_(ISRC_USUAN1100843).mp3,https://creativecommons.org/licenses/by/3.0,wikimedia_commons
commons-8173270,"Living Voyage (MacLeod, Kevin)",Kevin MacLeod,Incompetech Instrumental Essentials,relaxed,0.59,0.48,208588,0.63,wikimedia_commons_incompetech_curated,https://upload.wikimedia.org/wikipedia/commons/5/5f/Living_Voyage_%28MacLeod%2C_Kevin%29_%28ISRC_USUAN1100594%29.oga,https://upload.wikimedia.org/wikipedia/commons/5/5f/Living_Voyage_%28MacLeod%2C_Kevin%29_%28ISRC_USUAN1100594%29.oga,"https://commons.wikimedia.org/wiki/File:Living_Voyage_(MacLeod,_Kevin)_(ISRC_USUAN1100594).oga",https://creativecommons.org/licenses/by/3.0/us/deed.en,wikimedia_commons
commons-95013425,Scp X3x (I Am Not OK) by Kevin MacLeod,Kevin MacLeod,Incompetech Instrumental Essentials,tense,0.28,0.58,279745,0.63,wikimedia_commons_incompetech_curated,https://upload.wikimedia.org/wikipedia/commons/2/21/Scp_X3x_%28I_Am_Not_OK%29_by_Kevin_MacLeod.ogg,https://upload.wikimedia.org/wikipedia/commons/2/21/Scp_X3x_%28I_Am_Not_OK%29_by_Kevin_MacLeod.ogg,https://commons.wikimedia.org/wiki/File:Scp_X3x_(I_Am_Not_OK)_by_Kevin_MacLeod.ogg,https://creativecommons.org/licenses/by/4.0,wikimedia_commons
commons-64754343,Just As Soon,Kevin MacLeod,Incompetech Instrumental Essentials,sad_low,0.48,0.4,228127,0.63,wikimedia_commons_incompetech_curated,https://upload.wikimedia.org/wikipedia/commons/7/73/Just_As_Soon_%28ISRC_USUAN1100185%29.mp3,https://upload.wikimedia.org/wikipedia/commons/7/73/Just_As_Soon_%28ISRC_USUAN1100185%29.mp3,https://commons.wikimedia.org/wiki/File:Just_As_Soon_(ISRC_USUAN1100185).mp3,https://creativecommons.org/licenses/by/3.0,wikimedia_commons
commons-64742301,Impact Moderato,Kevin MacLeod,Incompetech Instrumental Essentials,happy,0.5,0.5,75677,0.45,wikimedia_commons_incompetech_curated,https://upload.wikimedia.org/wikipedia/commons/a/a7/Impact_Moderato_%28ISRC_USUAN1100618%29.mp3,https://upload.wikimedia.org/wikipedia/commons/a/a7/Impact_Moderato_%28ISRC_USUAN1100618%29.mp3,https://commons.wikimedia.org/wiki/File:Impact_Moderato_(ISRC_USUAN1100618).mp3,https://creativecommons.org/licenses/by/3.0,wikimedia_commons
commons-64743195,Living Voyage,Kevin MacLeod,Incompetech Instrumental Essentials,relaxed,0.59,0.48,208588,0.63,wikimedia_commons_incompetech_curated,https://upload.wikimedia.org/wikipedia/commons/b/bb/Living_Voyage_%28ISRC_USUAN1100594%29.mp3,https://upload.wikimedia.org/wikipedia/commons/b/bb/Living_Voyage_%28ISRC_USUAN1100594%29.mp3,https://commons.wikimedia.org/wiki/File:Living_Voyage_(ISRC_USUAN1100594).mp3,https://creativecommons.org/licenses/by/3.0,wikimedia_commons
commons-64729347,Malicious,Kevin MacLeod,Incompetech Instrumental Essentials,tense,0.39,0.58,222929,0.57,wikimedia_commons_incompetech_curated,https://upload.wikimedia.org/wikipedia/commons/8/8d/Malicious_%28ISRC_USUAN1700045%29.mp3,https://upload.wikimedia.org/wikipedia/commons/8/8d/Malicious_%28ISRC_USUAN1700045%29.mp3,https://commons.wikimedia.org/wiki/File:Malicious_(ISRC_USUAN1700045).mp3,https://creativecommons.org/licenses/by/3.0,wikimedia_commons
commons-64755547,Opportunity Walks,Kevin MacLeod,Incompetech Instrumental Essentials,sad_low,0.48,0.4,161620,0.63,wikimedia_commons_incompetech_curated,https://upload.wikimedia.org/wikipedia/commons/b/b7/Opportunity_Walks_%28ISRC_USUAN1100123%29.mp3,https://upload.wikimedia.org/wikipedia/commons/b/b7/Opportunity_Walks_%28ISRC_USUAN1100123%29.mp3,https://commons.wikimedia.org/wiki/File:Opportunity_Walks_(ISRC_USUAN1100123).mp3,https://creativecommons.org/licenses/by/3.0,wikimedia_commons
commons-36114027,"Bushwick Tarantella (MacLeod, Kevin)",Kevin MacLeod,Incompetech Instrumental Essentials,happy,0.77,0.58,203640,0.69,wikimedia_commons_incompetech_curated,https://upload.wikimedia.org/wikipedia/commons/b/b6/Bushwick_Tarantella_%28MacLeod%2C_Kevin%29_%28ISRC_USUAN1300002%29.oga,https://upload.wikimedia.org/wikipedia/commons/b/b6/Bushwick_Tarantella_%28MacLeod%2C_Kevin%29_%28ISRC_USUAN1300002%29.oga,"https://commons.wikimedia.org/wiki/File:Bushwick_Tarantella_(MacLeod,_Kevin)_(ISRC_USUAN1300002).oga",https://creativecommons.org/licenses/by/3.0/us/deed.en,wikimedia_commons
commons-64738228,StompDance,Kevin MacLeod,Incompetech Instrumental Essentials,relaxed,0.59,0.48,222511,0.63,wikimedia_commons_incompetech_curated,https://upload.wikimedia.org/wikipedia/commons/7/77/StompDance_%28ISRC_USUAN1100828%29.mp3,https://upload.wikimedia.org/wikipedia/commons/7/77/StompDance_%28ISRC_USUAN1100828%29.mp3,https://commons.wikimedia.org/wiki/File:StompDance_(ISRC_USUAN1100828).mp3,https://creativecommons.org/licenses/by/3.0,wikimedia_commons
commons-64731820,Industrial Cinematic,Kevin MacLeod,Incompetech Instrumental Essentials,tense,0.39,0.58,244428,0.57,wikimedia_commons_incompetech_curated,https://upload.wikimedia.org/wikipedia/commons/0/00/Industrial_Cinematic_%28ISRC_USUAN1600047%29.mp3,https://upload.wikimedia.org/wikipedia/commons/0/00/Industrial_Cinematic_%28ISRC_USUAN1600047%29.mp3,https://commons.wikimedia.org/wiki/File:Industrial_Cinematic_(ISRC_USUAN1600047).mp3,https://creativecommons.org/licenses/by/3.0,wikimedia_commons
commons-64754486,Legend of One,Kevin MacLeod,Incompetech Instrumental Essentials,sad_low,0.39,0.48,139982,0.63,wikimedia_commons_incompetech_curated,https://upload.wikimedia.org/wikipedia/commons/5/54/Legend_of_One_%28ISRC_USUAN1100177%29.mp3,https://upload.wikimedia.org/wikipedia/commons/5/54/Legend_of_One_%28ISRC_USUAN1100177%29.mp3,https://commons.wikimedia.org/wiki/File:Legend_of_One_(ISRC_USUAN1100177).mp3,https://creativecommons.org/licenses/by/3.0,wikimedia_commons
commons-64746190,Ujangong Mix,Kevin MacLeod,Incompetech Instrumental Essentials,happy,0.59,0.74,172852,0.69,wikimedia_commons_incompetech_curated,https://upload.wikimedia.org/wikipedia/commons/9/9c/Ujangong_Mix_%28ISRC_USUAN1100484%29.mp3,https://upload.wikimedia.org/wikipedia/commons/9/9c/Ujangong_Mix_%28ISRC_USUAN1100484%29.mp3,https://commons.wikimedia.org/wiki/File:Ujangong_Mix_(ISRC_USUAN1100484).mp3,https://creativecommons.org/licenses/by/3.0,wikimedia_commons
commons-95460403,Tiki Bar Mixer by Kevin MacLeod,Kevin MacLeod,Incompetech Instrumental Essentials,relaxed,0.59,0.3,210521,0.63,wikimedia_commons_incompetech_curated,https://upload.wikimedia.org/wikipedia/commons/a/a4/Tiki_Bar_Mixer_by_Kevin_MacLeod.ogg,https://upload.wikimedia.org/wikipedia/commons/a/a4/Tiki_Bar_Mixer_by_Kevin_MacLeod.ogg,https://commons.wikimedia.org/wiki/File:Tiki_Bar_Mixer_by_Kevin_MacLeod.ogg,https://creativecommons.org/licenses/by/4.0,wikimedia_commons
commons-64734312,Lost Time,Kevin MacLeod,Incompetech Instrumental Essentials,tense,0.28,0.5,227396,0.57,wikimedia_commons_incompetech_curated,https://upload.wikimedia.org/wikipedia/commons/3/32/Lost_Time_%28ISRC_USUAN1500032%29.mp3,https://upload.wikimedia.org/wikipedia/commons/3/32/Lost_Time_%28ISRC_USUAN1500032%29.mp3,https://commons.wikimedia.org/wiki/File:Lost_Time_(ISRC_USUAN1500032).mp3,https://creativecommons.org/licenses/by/3.0,wikimedia_commons
commons-64734065,Ossuary 3 - Words,Kevin MacLeod,Incompetech Instrumental Essentials,sad_low,0.39,0.48,236826,0.63,wikimedia_commons_incompetech_curated,https://upload.wikimedia.org/wikipedia/commons/c/c2/Ossuary_3_-_Words_%28ISRC_USUAN1500045%29.mp3,https://upload.wikimedia.org/wikipedia/commons/c/c2/Ossuary_3_-_Words_%28ISRC_USUAN1500045%29.mp3,https://commons.wikimedia.org/wiki/File:Ossuary_3_-_Words_(ISRC_USUAN1500045).mp3,https://creativecommons.org/licenses/by/3.0,wikimedia_commons
commons-64730152,Crossing the Chasm,Kevin MacLeod,Incompetech Instrumental Essentials,happy,0.68,0.58,196859,0.63,wikimedia_commons_incompetech_curated,https://upload.wikimedia.org/wikipedia/commons/d/d0/Crossing_the_Chasm_%28ISRC_USUAN1700026%29.mp3,https://upload.wikimedia.org/wikipedia/commons/d/d0/Crossing_the_Chasm_%28ISRC_USUAN1700026%29.mp3,https://commons.wikimedia.org/wiki/File:Crossing_the_Chasm_(ISRC_USUAN1700026).mp3,https://creativecommons.org/licenses/by/3.0,wikimedia_commons
commons-88731085,Elf Meditation Preview by Kevin MacLeod,Kevin MacLeod,Incompetech Instrumental Essentials,relaxed,0.59,0.3,256052,0.63,wikimedia_commons_incompetech_curated,https://upload.wikimedia.org/wikipedia/commons/e/e4/Elf_Meditation_Preview_by_Kevin_MacLeod.ogg,https://upload.wikimedia.org/wikipedia/commons/e/e4/Elf_Meditation_Preview_by_Kevin_MacLeod.ogg,https://commons.wikimedia.org/wiki/File:Elf_Meditation_Preview_by_Kevin_MacLeod.ogg,https://creativecommons.org/licenses/by/4.0,wikimedia_commons
commons-64740360,Devastation and Revenge,Kevin MacLeod,Incompetech Instrumental Essentials,tense,0.28,0.5,185260,0.57,wikimedia_commons_incompetech_curated,https://upload.wikimedia.org/wikipedia/commons/3/3c/Devastation_and_Revenge_%28ISRC_USUAN1100694%29.mp3,https://upload.wikimedia.org/wikipedia/commons/3/3c/Devastation_and_Revenge_%28ISRC_USUAN1100694%29.mp3,https://commons.wikimedia.org/wiki/File:Devastation_and_Revenge_(ISRC_USUAN1100694).mp3,https://creativecommons.org/licenses/by/3.0,wikimedia_commons
commons-64734104,Ossuary 1 - A Beginning,Kevin MacLeod,Incompetech Instrumental Essentials,sad_low,0.39,0.3,188056,0.63,wikimedia_commons_incompetech_curated,https://upload.wikimedia.org/wikipedia/commons/6/66/Ossuary_1_-_A_Beginning_%28ISRC_USUAN1500043%29.mp3,https://upload.wikimedia.org/wikipedia/commons/6/66/Ossuary_1_-_A_Beginning_%28ISRC_USUAN1500043%29.mp3,https://commons.wikimedia.org/wiki/File:Ossuary_1_-_A_Beginning_(ISRC_USUAN1500043).mp3,https://creativecommons.org/licenses/by/3.0,wikimedia_commons
commons-64735533,Unity,Kevin MacLeod,Incompetech Instrumental Essentials,happy,0.5,0.56,264072,0.63,wikimedia_commons_incompetech_curated,https://upload.wikimedia.org/wikipedia/commons/b/b3/Unity_%28ISRC_USUAN1400014%29.mp3,https://upload.wikimedia.org/wikipedia/commons/b/b3/Unity_%28ISRC_USUAN1400014%29.mp3,https://commons.wikimedia.org/wiki/File:Unity_(ISRC_USUAN1400014).mp3,https://creativecommons.org/licenses/by/3.0,wikimedia_commons
commons-64731343,Rainbows,Kevin MacLeod,Incompetech Instrumental Essentials,relaxed,0.59,0.4,219350,0.57,wikimedia_commons_incompetech_curated,https://upload.wikimedia.org/wikipedia/commons/b/b0/Rainbows_%28ISRC_USUAN1600063%29.mp3,https://upload.wikimedia.org/wikipedia/commons/b/b0/Rainbows_%28ISRC_USUAN1600063%29.mp3,https://commons.wikimedia.org/wiki/File:Rainbows_(ISRC_USUAN1600063).mp3,https://creativecommons.org/licenses/by/3.0,wikimedia_commons
commons-64733014,Heavy Heart,Kevin MacLeod,Incompetech Instrumental Essentials,tense,0.28,0.5,296699,0.57,wikimedia_commons_incompetech_curated,https://upload.wikimedia.org/wikipedia/commons/1/1e/Heavy_Heart_%28ISRC_USUAN1600002%29.mp3,https://upload.wikimedia.org/wikipedia/commons/1/1e/Heavy_Heart_%28ISRC_USUAN1600002%29.mp3,https://commons.wikimedia.org/wiki/File:Heavy_Heart_(ISRC_USUAN1600002).mp3,https://creativecommons.org/licenses/by/3.0,wikimedia_commons
commons-8093066,"Earth Prelude (MacLeod, Kevin)",Kevin MacLeod,Incompetech Instrumental Essentials,sad_low,0.39,0.4,229172,0.57,wikimedia_commons_incompetech_curated,https://upload.wikimedia.org/wikipedia/commons/3/3e/Earth_Prelude_%28MacLeod%2C_Kevin%29_%28ISRC_USUAN1100247%29.oga,https://upload.wikimedia.org/wikipedia/commons/3/3e/Earth_Prelude_%28MacLeod%2C_Kevin%29_%28ISRC_USUAN1100247%29.oga,"https://commons.wikimedia.org/wiki/File:Earth_Prelude_(MacLeod,_Kevin)_(ISRC_USUAN1100247).oga",https://creativecommons.org/licenses/by/3.0/us/deed.en,wikimedia_commons
commons-64733480,Kings of Tara,Kevin MacLeod,Incompetech Instrumental Essentials,happy,0.68,0.58,221545,0.63,wikimedia_commons_incompetech_curated,https://upload.wikimedia.org/wikipedia/commons/f/f7/Kings_of_Tara_%28ISRC_USUAN1500071%29.mp3,https://upload.wikimedia.org/wikipedia/commons/f/f7/Kings_of_Tara_%28ISRC_USUAN1500071%29.mp3,https://commons.wikimedia.org/wiki/File:Kings_of_Tara_(ISRC_USUAN1500071).mp3,https://creativecommons.org/licenses/by/3.0,wikimedia_commons
commons-64749241,Reign,Kevin MacLeod,Incompetech Instrumental Essentials,relaxed,0.5,0.3,162560,0.57,wikimedia_commons_incompetech_curated,https://upload.wikimedia.org/wikipedia/commons/d/d8/Reign_%28ISRC_USUAN1100373%29.mp3,https://upload.wikimedia.org/wikipedia/commons/d/d8/Reign_%28ISRC_USUAN1100373%29.mp3,https://commons.wikimedia.org/wiki/File:Reign_(ISRC_USUAN1100373).mp3,https://creativecommons.org/licenses/by/3.0,wikimedia_commons
commons-8077314,"Celtic Impulse (MacLeod, Kevin)",Kevin MacLeod,Incompetech Instrumental Essentials,tense,0.39,0.58,158231,0.57,wikimedia_commons_incompetech_curated,https://upload.wikimedia.org/wikipedia/commons/7/78/Celtic_Impulse_%28MacLeod%2C_Kevin%29_%28ISRC_USUAN1100297%29.oga,https://upload.wikimedia.org/wikipedia/commons/7/78/Celtic_Impulse_%28MacLeod%2C_Kevin%29_%28ISRC_USUAN1100297%29.oga,"https://commons.wikimedia.org/wiki/File:Celtic_Impulse_(MacLeod,_Kevin)_(ISRC_USUAN1100297).oga",https://creativecommons.org/licenses/by/3.0/us/deed.en,wikimedia_commons
commons-64753262,Fantastic Dim Bar,Kevin MacLeod,Incompetech Instrumental Essentials,sad_low,0.39,0.4,189341,0.57,wikimedia_commons_incompetech_curated,https://upload.wikimedia.org/wikipedia/commons/e/e9/Fantastic_Dim_Bar_%28ISRC_USUAN1100231%29.mp3,https://upload.wikimedia.org/wikipedia/commons/e/e9/Fantastic_Dim_Bar_%28ISRC_USUAN1100231%29.mp3,https://commons.wikimedia.org/wiki/File:Fantastic_Dim_Bar_(ISRC_USUAN1100231).mp3,https://creativecommons.org/licenses/by/3.0,wikimedia_commons
